oxide,g_pbx (eV/atom),r_s (AA),r_val (AA),e_H (eV),e_L (eV),AN,EA (eV),IP (eV),r_cov (AA),EN (Pauling),N_val,N_unf,CE (eV),max_OS,stdev_OS
AgO,0.5257714771189463,0.8954,0.8805,-8.650780005705835,0.0414150000273167,27.5,1.38278915,10.5971445,1.055,2.685,8.5,1.5,-2.452994347006704,2,2.8284271247461903
Al2O3,0.4242610766495449,0.7840000000000001,0.92705,-10.033095006617575,0.7774400005127804,10.5,1.04979718,10.5651406,0.88,2.708,4.8,3.2,-3.8180619770000703,3,3.5355339059327378
AlCuO2,0.563482509552507,0.9243166666666668,1.0196833333333333,-8.469630005586353,-0.5941966670585838,16.666666666666668,1.1477074,10.23706475,0.9625,2.5975,6.5,2.5,-6.978712226003154,3,2.683281572999748
As2O5,0.2315030882915678,0.65915,0.7351500000000001,-9.480955006253398,0.1400850000923965,20.5,1.2735952142857143,12.523910714285716,0.8114285714285714,3.08,8.571428571428571,2.2857142857142856,-2.831321049503458,5,4.949747468305833
Au2O3,0.083148966813013,0.84795,0.83305,-9.319350006146806,-0.589855000389053,43.5,1.8001072800000002,11.8610546,0.94,3.08,13.6,1.6,-2.936106896959245,5,3.683941988065037
As2O3,0.6348007689813805,0.65915,0.7351500000000001,-9.480955006253398,0.1400850000923965,20.5,1.1985911800000002,12.086253,0.872,2.936,9.6,2.4,-2.831321049503458,3,3.5355339059327378
Ag2O,0.4284424673521539,0.8954,0.8805,-8.650780005705835,0.0414150000273167,27.5,1.356683766666667,9.590174333333334,1.1866666666666668,2.433333333333333,9.333333333333334,1.3333333333333333,-2.452994347006704,1,2.1213203435596424
Al2CoO4,0.3633755087575259,0.9399833333333332,0.7363833333333334,-8.561816672313824,0.4968700003277233,16.0,1.053193742857143,10.617824,0.9028571428571428,2.6942857142857144,5.571428571428571,3.0,-10.354441449498154,3,3.082207001484488
Ag3O4,0.5696958416281175,0.8954,0.8805,-8.650780005705835,0.0414150000273167,27.5,1.3939771714285716,11.028703142857143,0.9985714285714288,2.792857142857143,8.142857142857142,1.5714285714285714,-2.452994347006704,3,3.082207001484488
Al2MnO4,0.408181418251572,0.9621833333333334,0.7516833333333333,-8.245066672104905,0.0510666667003492,15.333333333333334,0.8842987428571429,10.553970857142858,0.9214285714285714,2.647142857142857,5.285714285714286,3.2857142857142856,-5.434881882619015,3,3.082207001484488
Ba5V5O14,0.5884967330988973,1.3948166666666666,1.03895,-6.659093337725502,0.2799366668513062,29.0,0.992371425,10.4350845,1.1516666666666668,2.5316666666666663,4.958333333333333,2.625,-5.447436728001776,5,3.20404368786651
BaMoO4,0.0541454304602962,1.401716666666667,1.1208166666666666,-6.826276671169107,0.2867200001891136,35.333333333333336,1.1227295333333334,11.129385766666667,1.055,2.8016666666666663,5.333333333333333,2.333333333333333,-7.050935890001711,6,4.320493798938573
BaO2,0.8990276827719986,1.33215,1.31725,-7.823600005160248,1.003335000661775,32.0,1.022278866666667,10.815924866666666,1.1566666666666667,2.59,4.666666666666667,1.3333333333333333,-1.716255753999576,0,0.0
BeO,0.4516392214076024,0.7694000000000001,0.7545000000000001,-9.179630006054651,0.9342550006162116,6.0,0.47055265,11.470377,0.81,2.505,4.0,1.0,-3.688831758500044,2,2.8284271247461903
Ba2V3O9,0.1687994452534312,1.3948166666666666,1.03895,-6.659093337725502,0.2799366668513062,29.0,1.0730132642857142,10.944598942857144,1.0592857142857144,2.687857142857143,5.214285714285714,2.7857142857142856,-5.447436728001776,5,3.811600961117579
BaO,1.6823612286844745,1.33215,1.31725,-7.823600005160248,1.003335000661775,32.0,0.80286565,9.4148598,1.405,2.165,4.0,1.0,-1.716255753999576,2,2.8284271247461903
BaV2O6,0.0473334141733609,1.3948166666666666,1.03895,-6.659093337725502,0.2799366668513062,29.0,1.1073979777777778,11.156929844444443,1.018888888888889,2.7544444444444447,5.333333333333333,2.888888888888889,-5.447436728001776,5,4.189272013130682
Ba3V2O8,0.2138918648195046,1.3948166666666666,1.03895,-6.659093337725502,0.2799366668513062,29.0,1.013695723076923,10.620908292307693,1.1376923076923078,2.573076923076924,4.923076923076923,2.3076923076923075,-5.447436728001776,5,3.644531341016589
Cr2O3,0.2132255940854993,0.9553,0.43585,-8.478575005592253,1.15207500075988,16.0,1.14699966,10.877437,0.952,2.728,6.0,3.6,-1.9754934960001265,3,3.5355339059327378
Cr3NaO8,0.2577319296615412,1.2189166666666666,0.8726166666666667,-6.715706671096176,0.473656666979079,14.333333333333334,1.1886910208333334,11.198587246666666,0.9258333333333332,2.785833333333333,5.583333333333333,2.9166666666666665,-3.0419359124998664,6,4.299591432506871
CsMo3O9,0.0822229205513659,1.5055166666666668,1.224616666666667,-6.470203337600915,0.323050000213076,35.0,1.220274457692308,11.364130055956153,1.0,2.9407692307692312,5.615384615384615,2.8461538461538463,-6.034883366799352,6,4.609110807848341
Cu2O,0.8949449843731792,0.8315500000000001,0.8166500000000001,-8.815810005814685,0.0020700000013655,18.5,1.3108911,9.690271666666668,1.1,2.4133333333333336,9.333333333333334,1.3333333333333333,-3.1606502490030834,1,2.1213203435596424
CaO2,0.9110327298893056,1.13315,1.11825,-8.115500005352779,1.2032700007936472,14.0,0.9822538666666668,11.116421823333331,1.0266666666666668,2.6266666666666665,4.666666666666667,1.3333333333333333,-1.7863590304987156,0,0.0
CaCrO4,0.3019513902504407,1.2395833333333333,0.8932833333333333,-6.966410004594867,0.4563600003010039,17.333333333333332,1.0908022333333334,11.225314245,0.965,2.736666666666667,5.333333333333333,2.333333333333333,-3.761852526498842,6,4.320493798938573
Co3O4,0.1639387569917481,0.85505,0.3917,-8.95409000590589,1.638670001080826,17.5,1.1187451714285714,11.159321428571428,0.9171428571428571,2.771428571428572,7.285714285714286,2.4285714285714284,-6.536379472498084,4,3.1622776601683795
CaO,1.204742643160275,1.13315,1.11825,-8.115500005352779,1.2032700007936472,14.0,0.74282815,9.865605235,1.21,2.22,4.0,1.0,-1.7863590304987156,2,2.8284271247461903
CdO,0.7076070777293753,0.8508000000000001,0.8359000000000001,-9.155805006038936,1.38945500091645,28.0,0.37055265,11.3059375,1.05,2.565,9.0,1.0,-0.8793314094946254,2,2.8284271247461903
CrO2,0.2408350491300613,0.9553,0.43585,-8.478575005592253,1.15207500075988,16.0,1.1993506,11.334206666666669,0.9033333333333332,2.8466666666666662,6.0,3.333333333333333,-1.9754934960001265,4,4.242640687119285
Ca3V2O8,0.2614475953340274,1.26215,0.9062833333333332,-6.853693337853855,0.4132266669392209,17.0,0.9859861076923075,10.828944646923077,1.0476923076923077,2.5984615384615384,4.923076923076923,2.3076923076923075,-5.517540004500916,5,3.644531341016589
Ca2V2O7,0.144936407840285,1.26215,0.9062833333333332,-6.853693337853855,0.4132266669392209,17.0,1.0301966454545457,11.004097267272728,1.018181818181818,2.667272727272727,5.090909090909091,2.5454545454545454,-5.517540004500916,5,3.8446391248074248
CoO,0.5012865473994401,0.85505,0.3917,-8.95409000590589,1.638670001080826,17.5,1.06168515,10.7495325,0.96,2.66,7.5,2.5,-6.536379472498084,2,2.8284271247461903
Cs2Mo3O10,0.0537056586107873,1.5055166666666668,1.224616666666667,-6.470203337600915,0.323050000213076,35.0,1.1864202333333334,11.016376763657334,1.0733333333333333,2.8306666666666667,5.333333333333333,2.6666666666666665,-6.034883366799352,6,4.482107285003976
Cr2MgO4,0.3297028846531077,1.0878166666666669,0.7415166666666667,-7.333133338170083,0.5112433336705369,14.666666666666666,0.9680148,10.807353714285714,0.9757142857142858,2.627142857142857,5.428571428571429,2.857142857142857,-3.4749919613332168,3,3.082207001484488
CrNa4O4,0.8201249621412702,1.2189166666666666,0.8726166666666667,-6.715706671096176,0.473656666979079,14.333333333333334,0.9679963777777778,9.088337537777775,1.1855555555555557,2.126666666666667,3.7777777777777777,2.0,-3.0419359124998664,4,2.598076211353316
CrKO2,0.6710240002611638,1.36475,1.01845,-6.526253337637885,0.3843600002535144,17.0,1.0248777325,9.5858209325,1.185,2.34,4.75,2.75,-2.8051437711998006,3,2.683281572999748
CuFeO2,0.4008399280709702,0.9739166666666668,0.6694833333333334,-7.614163338355442,-0.2925766668596427,21.0,1.077807735,10.716239525,0.99,2.6525,7.75,2.25,-8.250110191998829,3,2.683281572999748
CoFe2O4,0.165038772487059,0.9895833333333334,0.3861833333333333,-7.706350005082913,0.7984900005266642,20.33333333333333,0.9733084114285716,11.165452314285714,0.9342857142857144,2.757142857142857,7.0,2.7142857142857144,-11.625839415493829,3,3.082207001484488
Cr2ZnO4,0.213815874384469,1.0077833333333333,0.6614833333333333,-7.794206671807527,0.6286533337479775,20.666666666666668,0.9394433714285716,11.057062428571427,0.9485714285714286,2.6757142857142857,6.857142857142857,2.857142857142857,-3.116294264997123,3,3.082207001484488
CrCuO2,0.3886241594824039,1.0385166666666668,0.6922166666666668,-7.433283338236138,-0.3444400002271839,20.33333333333333,1.20845895,10.43225,1.0075,2.61,7.25,2.75,-5.13614374500321,3,2.683281572999748
CrCuO4,0.2782340801507526,1.0385166666666668,0.6922166666666668,-7.433283338236138,-0.3444400002271839,20.33333333333333,1.2926744,11.494185,0.8916666666666667,2.8866666666666667,6.833333333333333,2.5,-5.13614374500321,6,4.320493798938573
Cs7O,3.6319530166925897,1.48785,1.47295,-7.289490004807963,1.0578300006977186,31.5,0.59531463125,5.10942438650125,2.2175,1.12125,1.625,1.125,-0.7002032307972168,0,0.0
CrMgO4,0.3825490971705995,1.0878166666666669,0.7415166666666667,-7.333133338170083,0.5112433336705369,14.666666666666666,1.0167104,11.480827666666666,0.9066666666666668,2.7883333333333336,5.333333333333333,2.333333333333333,-3.4749919613332168,6,4.320493798938573
CrK3O4,0.7117455806312029,1.36475,1.01845,-6.526253337637885,0.3843600002535144,17.0,1.00307997375,9.28259014875,1.265,2.235,4.125,2.125,-2.8051437711998006,5,3.0435436410107286
Cr3KO8,0.2400470494346231,1.36475,1.01845,-6.526253337637885,0.3843600002535144,17.0,1.1848187608333334,11.132052810833333,0.9566666666666668,2.776666666666667,5.583333333333333,2.9166666666666665,-2.8051437711998006,6,4.299591432506871
CrNiO4,0.1514130798442521,1.0882166666666668,0.40405,-6.948013337916066,1.3371100008819246,20.0,1.2795706,11.479768,0.8783333333333333,2.888333333333333,6.666666666666667,2.6666666666666665,-6.511534254997969,6,4.320493798938573
Ca2Fe2O5,0.4702743576581586,1.1749833333333335,0.87055,-7.147290004714172,0.508223333668545,18.0,0.8512334644444445,10.680169126666668,1.051111111111111,2.54,5.555555555555555,2.0,-6.875818973494461,3,2.9368350311176825
CoTiO3,0.1543002067211527,1.10335,0.4421833333333334,-7.421066671561415,0.6445200004251096,19.0,1.0242251800000002,11.112659,0.968,2.748,6.2,3.4,-12.821384571832215,4,3.3806170189140663
Cr2K2O7,0.2765981444305877,1.36475,1.01845,-6.526253337637885,0.3843600002535144,17.0,1.1438488872727277,10.685521132727274,1.041818181818182,2.64,5.090909090909091,2.5454545454545454,-2.8051437711998006,6,4.187033556111056
CaCr2O4,0.4078859712554976,1.2395833333333333,0.8932833333333333,-6.966410004594867,0.4563600003010039,17.333333333333332,1.0315220857142855,10.58834221,1.0257142857142858,2.5828571428571427,5.428571428571429,2.857142857142857,-3.761852526498842,3,3.082207001484488
CoCr2O4,0.1862651314889129,1.0541833333333333,0.4089166666666666,-7.525470004963608,0.7466266671591232,19.666666666666668,1.1226240857142855,10.840892857142856,0.9542857142857144,2.7085714285714286,6.428571428571429,3.2857142857142856,-8.51187296849821,3,3.082207001484488
CrNa2O4,0.3382494878363097,1.2189166666666666,0.8726166666666667,-6.715706671096176,0.473656666979079,14.333333333333334,1.0880164142857145,10.216697702857145,1.05,2.468571428571429,4.571428571428571,2.2857142857142856,-3.0419359124998664,6,3.6742346141747673
Ca4Fe9O17,0.2857768630477608,1.1749833333333335,0.87055,-7.147290004714172,0.508223333668545,18.0,0.8772040386666667,10.902725659333331,1.0046666666666666,2.6316666666666664,6.066666666666666,2.333333333333333,-6.875818973494461,3,3.009419175453115
CuO,0.6289524629917522,0.8315500000000001,0.8166500000000001,-8.815810005814685,0.0020700000013655,18.5,1.34844465,10.6722175,0.99,2.67,8.5,1.5,-3.1606502490030834,2,2.8284271247461903
CrK2O4,0.330175484512615,1.36475,1.01845,-6.526253337637885,0.3843600002535144,17.0,1.0747400942857144,9.988579637142855,1.1557142857142857,2.437142857142857,4.571428571428571,2.2857142857142856,-2.8051437711998006,6,3.6742346141747673
CaFe2O4,0.2807663256495918,1.1749833333333335,0.87055,-7.147290004714172,0.508223333668545,18.0,0.8822064114285715,10.912901667142856,1.0057142857142858,2.631428571428572,6.0,2.2857142857142856,-6.875818973494461,3,3.082207001484488
CoTi2O5,0.0704356878371458,1.10335,0.4421833333333334,-7.421066671561415,0.6445200004251096,19.0,1.0148601875,11.203440625,0.97,2.77,5.875,3.625,-12.821384571832215,4,3.62994085189212
CrNaO2,0.453064318518847,1.2189166666666666,0.8726166666666667,-6.715706671096176,0.473656666979079,14.333333333333334,1.0364945125,9.78542424,1.0925,2.3675,4.75,2.75,-3.0419359124998664,3,2.683281572999748
CaMoO4,0.0673471636656402,1.26905,0.98815,-7.020876671297459,0.4200100002770284,23.33333333333333,1.1027170333333334,11.279634245,0.99,2.8200000000000003,5.333333333333333,2.333333333333333,-7.121039166500851,6,4.320493798938573
CaFeO3,0.4312165707629079,1.1749833333333335,0.87055,-7.147290004714172,0.508223333668545,18.0,0.912220648,10.973957714,1.012,2.63,5.6,2.0,-6.875818973494461,0,0.0
CsO3,0.8038795290325242,1.48785,1.47295,-7.289490004807963,1.0578300006977186,31.5,1.2137365375,11.1870176818575,1.105,2.7775,4.75,1.75,-0.7002032307972168,0,0.0
Fe2TiO5,-0.0224707915593791,1.1055833333333336,0.4488833333333333,-7.284936671471627,0.3719866669120201,18.666666666666668,0.9609430225,11.3404164,0.9425,2.8,6.25,3.25,-11.374465042329875,4,3.564531154716027
Fe2ZnO4,0.0748691539557264,0.9431833333333334,0.6387499999999999,-7.975086671926832,0.6805166671155187,21.33333333333333,0.7901276971428572,11.381621885714283,0.9285714285714286,2.724285714285714,7.428571428571429,2.2857142857142856,-6.230260711992742,3,3.082207001484488
FeO,0.8101408874973173,0.8584000000000003,0.40175,-8.749895005771208,1.2298700008111918,17.0,0.8071708200000001,10.76026155,0.99,2.635,7.0,3.0,-5.089459942995745,2,2.8284271247461903
FeTi2O5,0.1288154858970766,1.1055833333333336,0.4488833333333333,-7.284936671471627,0.3719866669120201,18.666666666666668,0.951231605,11.2061228875,0.9775,2.76375,5.75,3.75,-11.374465042329875,4,3.62994085189212
FeLi2O3,0.4702037048967576,1.1110166666666668,0.8065833333333333,-6.970756671264401,0.5229466670115895,12.333333333333334,0.9621084466666668,9.923343848666669,0.9766666666666668,2.3516666666666666,4.666666666666667,2.0,-6.663708218329096,0,0.0
FeNa4O3,1.190599281196424,1.1543166666666669,0.8498833333333334,-6.896586671215481,0.5255200003466202,15.0,0.841032155,8.6641176175,1.2425,1.98375,3.75,1.75,-6.155902359495485,2,2.051956704170308
FeNa3O3,0.7970341505483984,1.1543166666666669,0.8498833333333334,-6.896586671215481,0.5255200003466202,15.0,0.8829044271428572,9.167694854285712,1.182857142857143,2.1342857142857143,4.142857142857143,1.8571428571428568,-6.155902359495485,3,2.3664319132398464
FeLiO2,0.2564701856463417,1.1110166666666668,0.8065833333333333,-6.970756671264401,0.5229466670115895,12.333333333333334,0.92337404,10.132573274,0.98,2.4225,5.25,2.25,-6.663708218329096,3,2.683281572999748
FeNa4O4,0.8271678905579295,1.1543166666666669,0.8498833333333334,-6.896586671215481,0.5255200003466202,15.0,0.909929171111111,9.214555104444443,1.1777777777777778,2.145555555555556,4.0,1.7777777777777777,-6.155902359495485,0,0.0
FeLi5O4,0.9145819389689068,1.1110166666666668,0.8065833333333333,-6.970756671264401,0.5229466670115895,12.333333333333334,0.908790364,8.933326308,1.036,2.0490000000000004,3.7,1.7,-6.663708218329096,3,2.27429413073671
Ga2O3,0.2837224373053083,0.7345500000000001,0.89965,-10.685995007048213,0.8208100005413861,19.5,0.99714362,10.5705538,0.8840000000000001,2.7880000000000003,8.8,3.2,-3.0389640764988144,3,3.5355339059327378
GeO2,-1.6934856340371691,0.69205,0.8005500000000001,-11.895570007846016,0.4330550002856328,20.0,1.3849623376666669,11.711848333333334,0.84,2.9633333333333334,8.666666666666666,2.6666666666666665,-4.179107971496705,4,4.242640687119285
In2O3,0.3467711763791946,0.8037000000000001,0.9838,-10.279690006780225,0.8176600005393085,28.5,1.03023358,10.48537528,0.964,2.776,8.8,3.2,-2.694806174685558,3,3.5355339059327378
IrO2,-0.6115233342354808,0.8788000000000001,0.5606,-9.355325006170537,-0.3706950002445002,42.5,1.4955240333333333,12.06771,0.91,3.026666666666667,11.666666666666666,2.333333333333333,-8.288537052983884,4,4.242640687119285
KO3,0.7371945320115816,1.3209,1.306,-7.455265004917304,1.095270000722413,13.5,1.2211937575,11.2987071825,1.0025,2.785,4.75,1.75,-0.829650275199674,0,0.0
KO,0.5900472246005215,1.3209,1.306,-7.455265004917304,1.095270000722413,13.5,0.981282215,8.979359365,1.345,2.13,3.5,1.5,-0.829650275199674,0,0.0
K2O,1.9876032568891069,1.3209,1.306,-7.455265004917304,1.095270000722413,13.5,0.8213411866666667,7.433127486666667,1.5733333333333337,1.6933333333333334,2.6666666666666665,1.3333333333333333,-0.829650275199674,1,2.1213203435596424
KO2,0.9546903807997608,1.3209,1.306,-7.455265004917304,1.095270000722413,13.5,1.1412232433333334,10.525591243333334,1.1166666666666667,2.566666666666667,4.333333333333333,1.6666666666666667,-0.829650275199674,0,0.0
LiO2,0.7472892900689149,1.0372,1.0223,-7.850700005178123,1.225355000808214,5.5,1.1800866066666666,10.875941665333333,0.8666666666666667,2.62,4.333333333333333,1.6666666666666667,-1.5742482753333509,0,0.0
LiO,0.4158456750499115,1.0372,1.0223,-7.850700005178123,1.225355000808214,5.5,1.03957726,9.504884998,0.97,2.21,3.5,1.5,-1.5742482753333509,0,0.0
Li2O,1.141245509759641,1.0372,1.0223,-7.850700005178123,1.225355000808214,5.5,0.8990679133333332,8.133828330666667,1.0733333333333333,1.8,2.6666666666666665,1.3333333333333333,-1.5742482753333509,1,2.1213203435596424
LiO3,0.6837080632079764,1.0372,1.0223,-7.850700005178123,1.225355000808214,5.5,1.25034128,11.561469999,0.8150000000000001,2.825,4.75,1.75,-1.5742482753333509,0,0.0
MgMo2O7,0.0948462268120607,1.1172833333333336,0.8363833333333334,-7.387600004872674,0.4748933336465614,20.666666666666668,1.13023971,11.7157481,0.911,2.971,5.6,2.6,-6.834178601335226,6,4.754860213736458
Mg2V2O7,0.2093432015253561,1.1103833333333333,0.7545166666666668,-7.220416671429071,0.4681100003087539,14.333333333333334,0.949369190909091,11.282839181818185,0.9545454545454546,2.723636363636363,5.090909090909091,2.5454545454545454,-5.23067943933529,5,3.8446391248074248
Mn2Mo3O8,0.432502325399519,1.1058500000000002,0.5190833333333333,-7.263186671457281,0.2644733335077736,25.0,0.9916024923076924,11.160754307692308,0.9753846153846154,2.853846153846154,6.153846153846154,3.3846153846153846,-6.95150004162108,6,3.567795771434608
MoNa2O4,0.1769933034687701,1.2483833333333336,0.9674833333333334,-6.770173337798769,0.4373066669551035,20.33333333333333,1.0982291000000002,10.263257702857144,1.0714285714285714,2.54,4.571428571428571,2.2857142857142856,-6.401122552501875,6,3.6742346141747673
MgO2,0.7171505410370296,0.9055,0.8906000000000001,-8.6655850057156,1.2855950008479466,10.0,0.8340702,11.627448666666666,0.91,2.73,4.666666666666667,1.3333333333333333,-1.4994984653330905,0,0.0
MgMoO4,0.1643406191289932,1.1172833333333336,0.8363833333333334,-7.387600004872674,0.4748933336465614,20.666666666666668,1.0286252,11.535147666666669,0.9316666666666668,2.8716666666666666,5.333333333333333,2.333333333333333,-6.834178601335226,6,4.320493798938573
MnTiO3,0.1341259185121489,1.12555,0.4574833333333333,-7.104316671352495,0.1987166667977355,18.33333333333333,0.78777218,11.0232646,0.994,2.682,5.8,3.8,-7.901825004953078,4,3.3806170189140663
MoO3,-0.092089465457724,0.9995000000000004,0.5781499999999999,-8.56027500564614,1.097550000723917,25.0,1.282661475,11.98664875,0.88,3.12,6.0,3.0,-5.334680136002135,6,5.656854249492381
Mn3O4,0.0965890886143613,0.8883500000000001,0.4146499999999999,-8.47896500559251,0.969965000639765,16.5,0.6120601714285715,10.967762,0.972857142857143,2.63,6.428571428571429,3.2857142857142856,-1.6168199056189445,4,3.1622776601683795
MnO,0.6084253549812362,0.8883500000000001,0.4146499999999999,-8.47896500559251,0.969965000639765,16.5,0.47055265,10.5260465,1.025,2.495,6.5,3.5,-1.6168199056189445,2,2.8284271247461903
Mn2O3,0.0807597598452447,0.8883500000000001,0.4146499999999999,-8.47896500559251,0.969965000639765,16.5,0.66866318,11.1444482,0.952,2.684,6.4,3.2,-1.6168199056189445,4,3.3806170189140663
Mo4NaO6,1.305244253279548,1.2483833333333336,0.9674833333333334,-6.770173337798769,0.4373066669551035,20.33333333333333,1.1185343681818185,10.474284269090909,1.070909090909091,2.746363636363637,5.545454545454546,3.363636363636364,-6.401122552501875,3,2.88519051785568
Mg3V2O8,0.2848499562239431,1.1103833333333333,0.7545166666666668,-7.220416671429071,0.4681100003087539,14.333333333333334,0.8833974153846154,11.18273246153846,0.966923076923077,2.67,4.923076923076923,2.3076923076923075,-5.23067943933529,5,3.644531341016589
MoNa4O5,0.5188384658731217,1.2483833333333336,0.9674833333333334,-6.770173337798769,0.4373066669551035,20.33333333333333,1.02445615,9.573901284000002,1.148,2.308,4.0,2.0,-6.401122552501875,6,3.2163376045133845
MoO2,0.532991950644894,0.9995000000000004,0.5781499999999999,-8.56027500564614,1.097550000723917,25.0,1.2231802,11.442846666666666,0.9533333333333333,3.013333333333333,6.0,3.333333333333333,-5.334680136002135,4,4.242640687119285
Mn2TiO4,0.2435625931453924,1.12555,0.4574833333333333,-7.104316671352495,0.1987166667977355,18.33333333333333,0.6971380285714286,10.881202285714286,1.002857142857143,2.628571428571429,6.0,3.7142857142857135,-7.901825004953078,4,3.1622776601683795
MgVO3,0.3493203876934821,1.1103833333333333,0.7545166666666668,-7.220416671429071,0.4681100003087539,14.333333333333334,0.8981955800000001,11.0493176,0.984,2.652,5.0,2.6,-5.23067943933529,4,3.3806170189140663
MnMoO4,0.4581924518071929,1.1058500000000002,0.5190833333333333,-7.263186671457281,0.2644733335077736,25.0,1.0119585333333334,11.499781333333331,0.9283333333333332,2.911666666666666,6.166666666666667,3.1666666666666665,-6.95150004162108,6,4.320493798938573
Mg2Mo3O8,0.5481976607345745,1.1172833333333336,0.8363833333333334,-7.387600004872674,0.4748933336465614,20.666666666666668,1.0069871076923078,11.193400153846154,0.9784615384615384,2.8169230769230773,5.384615384615385,2.6153846153846154,-6.834178601335226,6,3.567795771434608
MgO,0.8981310516448546,0.9055,0.8906000000000001,-8.6655850057156,1.2855950008479466,10.0,0.5205526500000001,10.6321455,1.035,2.375,4.0,1.0,-1.4994984653330905,2,2.8284271247461903
MnO2,-0.0499854985070629,0.8883500000000001,0.4146499999999999,-8.47896500559251,0.969965000639765,16.5,0.8007368666666667,11.556716,0.9033333333333332,2.81,6.333333333333333,3.0,-1.6168199056189445,4,4.242640687119285
MoSrO4,0.0537050333503657,1.3222833333333337,1.041383333333333,-6.943236671246249,0.4314833336179293,29.33333333333333,1.1073028666666669,11.209919575,1.0216666666666667,2.811666666666667,5.333333333333333,2.333333333333333,-6.86054324634218,6,4.320493798938573
NbO,2.626723090785843,1.0344,0.609,-8.49000500559979,0.9991800006590346,24.5,1.18925615,10.1884525,1.15,2.52,5.5,4.5,-6.270872641995084,2,2.8284271247461903
NbO2,0.5113642605100449,1.0344,0.609,-8.49000500559979,0.9991800006590346,24.5,1.2798725333333334,11.331653333333334,0.9866666666666668,2.8266666666666667,5.666666666666667,3.6666666666666665,-6.270872641995084,4,4.242640687119285
NiO,0.1561386552459614,0.9061,0.3843999999999999,-8.087905005334576,2.524395001665028,18.0,1.30913325,10.6289665,0.95,2.675,8.0,2.0,-4.536040758997842,2,2.8284271247461903
NiTiO3,0.0104222385592013,1.1373833333333334,0.4373166666666666,-6.843610004513873,1.2350033341479107,19.33333333333333,1.1232044200000002,11.0644326,0.964,2.754,6.4,3.2,-10.821045858331974,4,3.3806170189140663
NaO2,0.8658664487082715,1.10215,1.08725,-7.739445005104741,1.22921500081076,9.5,1.1567122833333334,10.791728986666666,0.9933333333333332,2.603333333333333,4.333333333333333,1.6666666666666667,-1.06644241649974,0,0.0
Na2O,1.6036762117051673,1.10215,1.08725,-7.739445005104741,1.22921500081076,9.5,0.8523192666666666,7.965402973333333,1.3266666666666669,1.7666666666666666,2.6666666666666665,1.3333333333333333,-1.06644241649974,1,2.1213203435596424
Na3VO4,0.3583821389899173,1.2414833333333333,0.8856166666666666,-6.602990004355166,0.430523333617296,14.0,1.00198274375,9.579454735,1.14375,2.2725,4.0,2.25,-4.79762339050194,5,3.0435436410107286
Nb2O5,-0.0223795569562429,1.0344,0.609,-8.49000500559979,0.9991800006590346,24.5,1.3057629285714287,11.658282142857145,0.94,2.914285714285714,5.714285714285714,3.4285714285714284,-6.270872641995084,5,4.949747468305833
NaO3,0.6838759989924141,1.10215,1.08725,-7.739445005104741,1.22921500081076,9.5,1.2328105375,11.49831049,0.91,2.8125,4.75,1.75,-1.06644241649974,0,0.0
NaO,0.5121373019075661,1.10215,1.08725,-7.739445005104741,1.22921500081076,9.5,1.004515775,9.37856598,1.16,2.185,3.5,1.5,-1.06644241649974,0,0.0
OsO4,-0.1943509609231911,0.8795000000000001,0.5712,-8.996985005934183,1.6197500010683468,42.0,1.3844445,12.58209,0.816,3.192,9.2,2.4,-8.437679186463356,8,7.071067811865476
OsO2,0.3239182682053186,0.8795000000000001,0.5712,-8.996985005934183,1.6197500010683468,42.0,1.3333373,11.891446666666669,0.92,3.026666666666667,11.333333333333334,2.6666666666666665,-8.437679186463356,4,4.242640687119285
PtO2,-0.1379109246593279,0.8974,0.5505500000000001,-8.81307500581288,-0.3774600002489625,43.0,1.6824385333333334,12.06498,0.8933333333333333,3.053333333333333,12.0,2.0,-5.421979548991658,4,4.242640687119285
PdO,-0.1068607770148457,0.9693000000000004,0.5042,-8.678980005724435,0.3288750002169178,27.0,1.01162325,10.977447,1.025,2.8200000000000003,8.0,1.0,-3.049890772992512,2,2.8284271247461903
O5P2,0.5841624773408353,0.6461,0.69505,-9.713575006406828,0.1299650000857217,11.5,1.256962957142857,12.723378142857143,0.7771428571428571,3.0828571428571427,5.714285714285714,2.2857142857142856,-3.368398509214222,5,4.949747468305833
Pt3O4,0.1773140459905643,0.8974,0.5505500000000001,-8.81307500581288,-0.3774600002489625,43.0,1.7456766,11.621244285714289,0.96,2.942857142857143,13.714285714285714,2.0,-5.421979548991658,6,4.09878030638384
RbO2,0.9845449666430404,1.37615,1.36125,-7.393835004876785,1.051845000693771,22.5,1.13604227,10.471079366666666,1.1733333333333331,2.566666666666667,4.333333333333333,1.6666666666666667,-0.75902171425696,0,0.0
RbO3,0.7218353157290611,1.37615,1.36125,-7.393835004876785,1.051845000693771,22.5,1.2173080275,11.257823275,1.045,2.785,4.75,1.75,-0.75902171425696,0,0.0
RuO4,0.2694831418283795,0.9478,0.53415,-8.646220005702828,0.3168500002089869,26.0,1.3781607400000002,12.366544,0.8200000000000001,3.192,6.4,2.4,-7.278844184504123,0,0.0
RhO2,-0.1644975025232654,0.97975,0.5196000000000001,-8.588045005664457,0.2925900001929853,26.5,1.3550342,11.565003333333332,0.9133333333333332,3.053333333333333,7.0,2.333333333333333,-6.050803943013307,4,4.242640687119285
RbO,0.6307881781968467,1.37615,1.36125,-7.393835004876785,1.051845000693771,22.5,0.973510755,8.89759155,1.43,2.13,3.5,1.5,-0.75902171425696,0,0.0
Rb2O3,1.086250615402489,1.37615,1.36125,-7.393835004876785,1.051845000693771,22.5,1.071029664,9.84168424,1.276,2.3920000000000003,4.0,1.6,-0.75902171425696,0,0.0
ReO2,0.7001781136761726,0.9017000000000004,0.58815,-8.68429500572794,0.5562850003669122,41.5,0.99420241,11.689876666666668,0.9433333333333334,2.9266666666666663,11.0,3.0,-6.901093609456439,4,4.242640687119285
Rb2O,2.150130762543934,1.37615,1.36125,-7.393835004876785,1.051845000693771,22.5,0.81097924,7.324103733333333,1.6866666666666663,1.6933333333333334,2.6666666666666665,1.3333333333333333,-0.75902171425696,1,2.1213203435596424
RuO2,-0.2662150500406465,0.9478,0.53415,-8.646220005702828,0.3168500002089869,26.0,1.3228643666666666,11.532203333333332,0.9266666666666667,3.026666666666667,6.666666666666667,2.6666666666666665,-7.278844184504123,4,4.242640687119285
Rb9O2,3.1979382517153225,1.37615,1.36125,-7.393835004876785,1.051845000693771,22.5,0.6632233172727273,5.893660263636363,1.92,1.2963636363636364,1.9090909090909087,1.181818181818182,-0.75902171425696,0,0.0
ReO3,0.1240152667415793,0.9017000000000004,0.58815,-8.68429500572794,0.5562850003669122,41.5,1.1109281325,12.17192125,0.8725,3.055,9.75,2.75,-6.901093609456439,6,5.656854249492381
O2Si,0.0982655019089531,0.70325,0.7837,-11.350665007486612,0.4151550002738262,11.0,1.43724396,11.79593,0.81,2.9266666666666663,5.333333333333333,2.6666666666666665,-5.030187812500117,4,4.242640687119285
SnO,1.268864991903328,0.7661500000000001,0.8929000000000002,-11.302530007454862,0.4426500002919611,29.0,1.28658775,10.4809865,1.025,2.7,10.0,3.0,-3.573958554508863,2,2.8284271247461903
SrO2,0.8978440607563641,1.213,1.1981000000000002,-7.999040005275964,1.2204800008049983,23.0,0.9914255333333332,10.976992483333332,1.09,2.61,4.666666666666667,1.3333333333333333,-1.525863110340045,0,0.0
Sc2O3,0.2127085121643737,1.0489500000000005,0.5079,-8.239480005434551,0.8522200005621035,14.5,0.95194318,10.795429,1.076,2.608,4.8,4.8,-4.79012571649946,3,3.5355339059327378
SrO,1.4554251958074704,1.213,1.1981000000000002,-7.999040005275964,1.2204800008049983,23.0,0.75658565,9.656461225,1.305,2.195,4.0,1.0,-1.525863110340045,2,2.8284271247461903
O2Sb,0.0645271560993356,0.7342000000000001,0.8306000000000001,-9.191660006062586,0.1355100000893789,29.5,1.32320393,11.948166333333331,0.9033333333333332,2.9766666666666666,9.0,2.333333333333333,-2.6187420655041933,0,0.0
O5Sb2,-0.0553089909422877,0.7342000000000001,0.8306000000000001,-9.191660006062586,0.1355100000893789,29.5,1.3429041257142855,12.186721857142858,0.8685714285714287,3.0428571428571423,8.571428571428571,2.2857142857142856,-2.6187420655041933,5,4.949747468305833
O3Sb2,0.3889284975270929,0.7342000000000001,0.8306000000000001,-9.191660006062586,0.1355100000893789,29.5,1.295623656,11.6141886,0.952,2.884,9.6,2.4,-2.6187420655041933,3,3.5355339059327378
O2Se,1.3919912145691689,0.62985,0.6898500000000001,-10.167065006705938,4.419620002915071,21.0,1.647605104,12.329500666666666,0.84,3.143333333333333,9.333333333333334,2.0,-3.039694480132312,4,4.242640687119285
SnO2,-0.6515681531200029,0.7661500000000001,0.8929000000000002,-11.302530007454862,0.4426500002919611,29.0,1.3447602666666667,11.526676,0.9033333333333332,2.9466666666666668,8.666666666666666,2.6666666666666665,-3.573958554508863,4,4.242640687119285
TiO2,-0.1826530823069643,1.02905,0.48575,-8.32197000548896,0.9989150006588596,15.0,0.9992518666666668,11.354743333333332,0.9733333333333332,2.806666666666666,5.333333333333333,4.0,-6.285005099334133,4,4.242640687119285
O2Te,0.0067598692530144,0.70575,0.7863500000000001,-9.7535600064332,4.220000002783406,30.0,1.6310287666666667,12.081972666666667,0.9,2.9933333333333336,9.333333333333334,2.0,-2.711399001379808,4,4.242640687119285
Ti3O5,0.5252029951706411,1.02905,0.48575,-8.32197000548896,0.9989150006588596,15.0,0.9415201875,11.071829375,1.0125,2.7275,5.25,4.25,-6.285005099334133,4,3.62994085189212
O3Te,0.0371401993003441,0.70575,0.7863500000000001,-9.7535600064332,4.220000002783406,30.0,1.5885479,12.46599325,0.84,3.105,8.5,2.0,-2.711399001379808,6,5.656854249492381
Ti2O3,0.8239980531520305,1.02905,0.48575,-8.32197000548896,0.9989150006588596,15.0,0.90688118,10.902081,1.036,2.68,5.2,4.4,-6.285005099334133,4,3.3806170189140663
Ta2O5,-2.925016536045288,0.9592500000000004,0.63195,-8.639790005698586,0.8254800005444664,40.5,1.1359666428571429,11.88420242857143,0.9571428571428572,2.8857142857142857,9.714285714285714,3.4285714285714284,-9.113745319016743,5,4.949747468305833
O5Te2,0.0024947441348804,0.70575,0.7863500000000001,-9.7535600064332,4.220000002783406,30.0,1.6067539857142856,12.301413,0.8657142857142857,3.057142857142857,8.857142857142858,2.0,-2.711399001379808,6,4.786344211304794
Ti6O,7.386963272244742,1.02905,0.48575,-8.32197000548896,0.9989150006588596,15.0,0.2734821857142857,7.798110714285714,1.465714285714286,1.811428571428572,4.285714285714286,7.142857142857143,-6.285005099334133,0,0.0
TiO,2.181008531777852,1.02905,0.48575,-8.32197000548896,0.9989150006588596,15.0,0.76832515,10.223087500000002,1.13,2.49,5.0,5.0,-6.285005099334133,2,2.8284271247461903
Ti2O,4.500693843822972,1.02905,0.48575,-8.32197000548896,0.9989150006588596,15.0,0.5373984333333334,9.091431666666669,1.2866666666666666,2.1733333333333333,4.666666666666667,6.0,-6.285005099334133,0,0.0
Ti3O,5.73200893227206,1.02905,0.48575,-8.32197000548896,0.9989150006588596,15.0,0.421935075,8.52560375,1.365,2.015,4.5,6.5,-6.285005099334133,0,0.0
VO,1.7670036383673635,0.98915,0.45535,-8.309500005480736,1.0873750007172056,15.5,0.99438365,10.182121,1.095,2.535,5.5,4.5,-3.7311809740022,2,2.8284271247461903
V2O5,-0.093398478815827,0.98915,0.45535,-8.309500005480736,1.0873750007172056,15.5,1.1944072142857145,11.654664142857143,0.9085714285714286,2.922857142857143,5.714285714285714,3.4285714285714284,-3.7311809740022,5,4.949747468305833
WO3,-0.1801678705220104,0.943,0.6131,-8.553335005641562,0.7069200004662671,41.0,1.299895975,12.17954875,0.9,3.17,9.5,3.0,-7.844600567012094,6,5.656854249492381
WO2,0.8867326653487358,0.943,0.6131,-8.553335005641562,0.7069200004662671,41.0,1.2461595333333333,11.700046666666667,0.98,3.08,10.666666666666666,3.333333333333333,-7.844600567012094,4,4.242640687119285
Y2O3,0.6460490025861401,1.12105,0.69365,-8.133185005364442,0.9843950006492828,23.5,0.99951118,10.657737,1.156,2.552,4.8,4.8,-4.820729825335245,3,3.5355339059327378
ZrO2,0.0536741209789647,1.0832000000000002,0.6503000000000001,-8.369330005520197,0.8822650005819203,24.0,1.1184998666666666,11.290078666666666,1.0233333333333332,2.736666666666667,5.333333333333333,4.0,-7.330832619496505,4,4.242640687119285
ZnO,0.5603582513865397,0.78545,0.77055,-9.357195006171768,1.4617100009641075,19.0,0.42055265,11.506126,0.94,2.545,9.0,1.0,-1.1408007689969963,2,2.8284271247461903
Zr3O,6.8082847569665645,1.0832000000000002,0.6503000000000001,-8.369330005520197,0.8822650005819203,24.0,0.6902430749999999,8.38010825,1.4775,1.8575,4.5,6.5,-7.330832619496505,0,0.0
Ag2O3,0.5832753577934927,0.8954,0.8805,-8.650780005705835,0.0414150000273167,27.5,1.3984523800000002,11.2013266,0.976,2.836,8.0,1.6,-2.452994347006704,3,3.5355339059327378
Ag3O,0.5604235081368428,0.8954,0.8805,-8.650780005705835,0.0414150000273167,27.5,1.343631075,9.08668925,1.2525,2.3075,9.75,1.25,-2.452994347006704,0,0.0
AsO2,0.391185373314276,0.65915,0.7351500000000001,-9.480955006253398,0.1400850000923965,20.5,1.2423435333333332,12.341553333333334,0.8366666666666668,3.02,9.0,2.333333333333333,-2.831321049503458,0,0.0
Ba2V2O7,0.1066721559751212,1.3948166666666666,1.03895,-6.659093337725502,0.2799366668513062,29.0,1.0520284636363637,10.840189836363637,1.089090909090909,2.647272727272727,5.090909090909091,2.5454545454545454,-5.447436728001776,5,3.8446391248074248
BaO10,0.7550371927158944,1.33215,1.31725,-7.823600005160248,1.003335000661775,32.0,1.3414253636363636,12.853837690909092,0.7954545454545455,3.208181818181818,5.636363636363637,1.818181818181818,-1.716255753999576,0,0.0
Ba3VO5,0.906332615935571,1.3948166666666666,1.03895,-6.659093337725502,0.2799366668513062,29.0,0.9185629444444444,10.05238397777778,1.2533333333333334,2.388888888888889,4.555555555555555,1.8888888888888888,-5.447436728001776,4,3.064523510731495
Ba2VO4,0.6874499702212885,1.3948166666666666,1.03895,-6.659093337725502,0.2799366668513062,29.0,0.9516193142857144,10.234533742857142,1.21,2.452857142857144,4.714285714285714,2.142857142857143,-5.447436728001776,4,3.1622776601683795
BaMoO3,0.764699027965874,1.401716666666667,1.1208166666666666,-6.826276671169107,0.2867200001891136,35.333333333333336,1.05505438,10.63165192,1.134,2.6740000000000004,5.2,2.4,-7.050935890001711,4,3.3806170189140663
BaV3O8,0.0481370697619398,1.3948166666666666,1.03895,-6.659093337725502,0.2799366668513062,29.0,1.1180378666666666,11.199555466666666,1.0016666666666667,2.775,5.416666666666667,3.083333333333333,-5.447436728001776,5,4.06700633642739
CaV2O6,0.0712547077920873,1.26215,0.9062833333333332,-6.853693337853855,0.4132266669392209,17.0,1.0940563111111112,11.257095496666668,0.9755555555555556,2.7666666666666666,5.333333333333333,2.888888888888889,-5.517540004500916,5,4.189272013130682
CrO,1.1821928076200214,0.9553,0.43585,-8.478575005592253,1.15207500075988,16.0,1.06847325,10.1922825,1.025,2.55,6.0,4.0,-1.9754934960001265,2,2.8284271247461903
CaMo2O4,1.2212692785062096,1.26905,0.98815,-7.020876671297459,0.4200100002770284,23.33333333333333,1.051947457142857,10.68146221,1.0685714285714287,2.725714285714285,5.428571428571429,2.857142857142857,-7.121039166500851,3,3.082207001484488
Cs2Mo5O16,0.0305377166118665,1.5055166666666668,1.224616666666667,-6.470203337600915,0.323050000213076,35.0,1.219895447826087,11.353862671950434,1.0060869565217392,2.931304347826087,5.565217391304348,2.782608695652174,-6.034883366799352,6,4.815446458031065
CrZnO4,0.3308773985244981,1.0077833333333333,0.6614833333333333,-7.794206671807527,0.6286533337479775,20.666666666666668,0.9833770666666668,11.7721545,0.875,2.845,7.0,2.333333333333333,-3.116294264997123,6,4.320493798938573
Cu2O3,0.5870958494022351,0.8315500000000001,0.8166500000000001,-8.815810005814685,0.0020700000013655,18.5,1.37097678,11.261385,0.924,2.8240000000000003,8.0,1.6,-3.1606502490030834,3,3.5355339059327378
Ca8V6O23,0.3856042827155524,1.26215,0.9062833333333332,-6.853693337853855,0.4132266669392209,17.0,0.9991297810810812,10.881017047567568,1.038918918918919,2.618918918918919,4.972972972972973,2.3783783783783785,-5.517540004500916,5,3.7013511046643495
CaVO3,0.4961523470803949,1.26215,0.9062833333333332,-6.853693337853855,0.4132266669392209,17.0,0.98710578,10.742701494,1.054,2.59,5.0,2.6,-5.517540004500916,4,3.3806170189140663
Cs2Mo4O13,0.0394721118679928,1.5055166666666668,1.224616666666667,-6.470203337600915,0.323050000213076,35.0,1.2066815473684211,11.220644550255791,1.0326315789473683,2.891578947368421,5.473684210526316,2.736842105263158,-6.034883366799352,6,4.676760954256248
CaV2O4,0.7857959728902991,1.26215,0.9062833333333332,-6.853693337853855,0.4132266669392209,17.0,0.9891851714285717,10.582535638571429,1.0657142857142856,2.5742857142857143,5.142857142857143,3.142857142857143,-5.517540004500916,3,3.082207001484488
Cr2Na2O7,0.304476937062926,1.2189166666666666,0.8726166666666667,-6.715706671096176,0.473656666979079,14.333333333333334,1.1522974545454543,10.830687174545456,0.9745454545454546,2.66,5.090909090909091,2.5454545454545454,-3.0419359124998664,6,4.187033556111056
CoO2,0.4675297441461589,0.85505,0.3917,-8.95409000590589,1.638670001080826,17.5,1.1948252,11.705706666666666,0.86,2.92,7.0,2.333333333333333,-6.536379472498084,4,4.242640687119285
CaV2O5,0.3303441675225086,1.26215,0.9062833333333332,-6.853693337853855,0.4132266669392209,17.0,1.0481751875,10.961975558750002,1.015,2.6825,5.25,3.0,-5.517540004500916,5,3.590109871423002
Ca3Fe2O7,0.5569816493937741,1.1749833333333335,0.87055,-7.147290004714172,0.508223333668545,18.0,0.883988565,10.789232300833334,1.045,2.5616666666666665,5.333333333333333,1.8333333333333333,-6.875818973494461,0,0.0
Ca2V3O8,0.2958691471598907,1.26215,0.9062833333333332,-6.853693337853855,0.4132266669392209,17.0,1.0246869538461538,10.87763938,1.03,2.6469230769230765,5.153846153846154,2.8461538461538463,-5.517540004500916,5,3.567795771434608
CaV3O7,0.1558071103611966,1.26215,0.9062833333333332,-6.853693337853855,0.4132266669392209,17.0,1.075934009090909,11.061645588181818,0.9972727272727272,2.7245454545454546,5.363636363636363,3.1818181818181817,-5.517540004500916,5,3.7859388972001824
Cr6O11,0.2574917503933668,0.9553,0.43585,-8.478575005592253,1.15207500075988,16.0,1.1839532647058826,11.199862647058824,0.9176470588235296,2.8117647058823527,6.0,3.411764705882353,-1.9754934960001265,6,3.867815921162743
Ca10V6O25,0.3004768808221453,1.26215,0.9062833333333332,-6.853693337853855,0.4132266669392209,17.0,0.9741247439024392,10.781952480487805,1.055609756097561,2.58,4.878048780487805,2.2439024390243905,-5.517540004500916,5,3.594984428822781
Cs2MoO4,0.2742129991205903,1.5055166666666668,1.224616666666667,-6.470203337600915,0.323050000213076,35.0,1.076430242857143,9.907494493551429,1.2942857142857145,2.5,4.571428571428571,2.2857142857142856,-6.034883366799352,6,3.6742346141747673
CrK4O4,0.99152236120564,1.36475,1.01845,-6.526253337637885,0.3843600002535144,17.0,0.9473443244444444,8.733487213333333,1.35,2.077777777777777,3.7777777777777777,2.0,-2.8051437711998006,4,2.598076211353316
Cu4O3,0.7713112740298139,0.8315500000000001,0.8166500000000001,-8.815810005814685,0.0020700000013655,18.5,1.3323502714285715,10.251383571428573,1.0371428571428571,2.56,8.857142857142858,1.4285714285714286,-3.1606502490030834,2,2.19374109684803
CrNa3O4,0.6442277425031875,1.2189166666666666,0.8726166666666667,-6.715706671096176,0.473656666979079,14.333333333333334,1.02050514375,9.58199511,1.12625,2.27625,4.125,2.125,-3.0419359124998664,5,3.0435436410107286
FeLi3O4,0.5409550705144271,1.1110166666666668,0.8065833333333333,-6.970756671264401,0.5229466670115895,12.333333333333334,0.98147565,9.818729136,0.975,2.31625,4.375,1.875,-6.663708218329096,0,0.0
Fe5ZnO8,0.1108967820261504,0.9431833333333334,0.6387499999999999,-7.975086671926832,0.6805166671155187,21.33333333333333,0.8453588642857144,11.275069821428572,0.9357142857142856,2.737142857142857,7.142857142857143,2.571428571428572,-6.230260711992742,3,3.055050463303893
FeLi2O2,0.8180930949266001,1.1110166666666668,0.8065833333333333,-6.970756671264401,0.5229466670115895,12.333333333333334,0.8623090760000001,9.1844016184,1.04,2.134,4.4,2.0,-6.663708218329096,2,2.091650066335189
Fe2O3,0.2397980900847061,0.8584000000000003,0.40175,-8.749895005771208,1.2298700008111918,17.0,0.937957716,11.33182024,0.924,2.7960000000000003,6.8,2.8,-5.089459942995745,3,3.5355339059327378
Fe3Na7O8,0.6946015580886503,1.1543166666666669,0.8498833333333334,-6.896586671215481,0.5255200003466202,15.0,0.8880019538888888,9.368076834444445,1.1588888888888889,2.1955555555555555,4.388888888888889,1.9444444444444444,-6.155902359495485,3,2.4251161041921026
FeNa2O3,0.5523206276086833,1.1543166666666669,0.8498833333333334,-6.896586671215481,0.5255200003466202,15.0,0.9387341233333332,9.83913117,1.1033333333333333,2.3350000000000004,4.666666666666667,2.0,-6.155902359495485,0,0.0
FeNaO2,0.3203550454538627,1.1543166666666669,0.8498833333333334,-6.896586671215481,0.5255200003466202,15.0,0.9058432975,10.069413765,1.075,2.41,5.25,2.25,-6.155902359495485,3,2.683281572999748
FeTiO3,0.2617001409168752,1.1055833333333336,0.4488833333333333,-7.284936671471627,0.3719866669120201,18.666666666666668,0.922419448,11.11695062,0.98,2.7380000000000004,6.0,3.6,-11.374465042329875,4,3.3806170189140663
FeNa4O5,0.822669788321517,1.1543166666666669,0.8498833333333334,-6.896586671215481,0.5255200003466202,15.0,0.965046784,9.654905094,1.126,2.275,4.2,1.8,-6.155902359495485,0,0.0
FeNa3O4,0.6938202073159229,1.1543166666666669,0.8498833333333334,-6.896586671215481,0.5255200003466202,15.0,0.95517953625,9.7239898725,1.1175,2.2975,4.375,1.875,-6.155902359495485,0,0.0
FeNa8O6,1.1682524817571351,1.1543166666666669,0.8498833333333334,-6.896586671215481,0.5255200003466202,15.0,0.8868852093333334,8.714894252,1.2373333333333334,1.994,3.466666666666667,1.6,-6.155902359495485,0,0.0
Fe3O4,0.1177141237381864,0.8584000000000003,0.40175,-8.749895005771208,1.2298700008111918,17.0,0.9005900314285715,11.168517757142856,0.942857142857143,2.75,6.857142857142857,2.857142857142857,-5.089459942995745,3,3.082207001484488
IrO3,0.4586425006766106,0.8788000000000001,0.5606,-9.355325006170537,-0.3706950002445002,42.5,1.48691935,12.45529625,0.8475,3.13,10.25,2.25,-8.288537052983884,0,0.0
LiO8,0.3776058203177569,1.0372,1.0223,-7.850700005178123,1.225355000808214,5.5,1.3674324022222222,12.70401722177778,0.7288888888888889,3.1666666666666665,5.444444444444445,1.8888888888888888,-1.5742482753333509,0,0.0
Mo6NaO17,0.0906797499387427,1.2483833333333336,0.9674833333333334,-6.770173337798769,0.4373066669551035,20.33333333333333,1.2446123479166669,11.633357998333333,0.9216666666666667,3.015416666666667,5.791666666666667,2.958333333333333,-6.401122552501875,6,4.880100881681097
MoSrO3,0.7614903152338538,1.3222833333333337,1.041383333333333,-6.943236671246249,0.4314833336179293,29.33333333333333,1.0365423800000002,10.72829249,1.094,2.686,5.2,2.4,-6.86054324634218,4,3.3806170189140663
MgV3O8,0.1115007613062379,1.1103833333333333,0.7545166666666668,-7.220416671429071,0.4681100003087539,14.333333333333334,1.0709857,11.402436416666667,0.94,2.81,5.416666666666667,3.083333333333333,-5.23067943933529,5,4.06700633642739
MoNa3O4,0.6293257189423456,1.2483833333333336,0.9674833333333334,-6.770173337798769,0.4373066669551035,20.33333333333333,1.02944124375,9.62273511,1.145,2.33875,4.125,2.125,-6.401122552501875,5,3.0435436410107286
MgV2O6,0.1453359985164459,1.1103833333333333,0.7545166666666668,-7.220416671429071,0.4681100003087539,14.333333333333334,1.0446617555555555,11.427437777777778,0.9366666666666668,2.801111111111111,5.333333333333333,2.888888888888889,-5.23067943933529,5,4.189272013130682
Mn5O8,0.0576755752004576,0.8883500000000001,0.4146499999999999,-8.47896500559251,0.969965000639765,16.5,0.699141723076923,11.239586923076924,0.9407692307692308,2.713076923076923,6.384615384615385,3.1538461538461537,-1.6168199056189445,7,3.7558465062783655
MoSr2O4,0.9620646744163448,1.3222833333333337,1.041383333333333,-6.943236671246249,0.4314833336179293,29.33333333333333,0.9565547428571428,10.422054985714286,1.1542857142857144,2.545714285714286,4.857142857142857,2.0,-6.86054324634218,4,3.1622776601683795
MgV4O10,0.1342236403807951,1.1103833333333333,0.7545166666666668,-7.220416671429071,0.4681100003087539,14.333333333333334,1.0867800666666667,11.3874356,0.942,2.815333333333333,5.466666666666667,3.2,-5.23067943933529,5,4.103913408340616
MoNaO2,1.1710889731701228,1.2483833333333336,0.9674833333333334,-6.770173337798769,0.4373066669551035,20.33333333333333,1.0543667125,9.86690424,1.13,2.4925,4.75,2.75,-6.401122552501875,3,2.683281572999748
Mo2Na2O7,0.0639241066066122,1.2483833333333336,0.9674833333333334,-6.770173337798769,0.4373066669551035,20.33333333333333,1.1652954181818185,10.889945356363636,1.001818181818182,2.7509090909090905,5.090909090909091,2.5454545454545454,-6.401122552501875,6,4.187033556111056
NaV2O5,0.1016248610289957,1.2414833333333333,0.8856166666666666,-6.602990004355166,0.430523333617296,14.0,1.11359709375,10.840215745,1.0025,2.67375,5.125,3.125,-4.79762339050194,5,3.711842908553348
NaVO3,0.0899758205931716,1.2414833333333333,0.8856166666666666,-6.602990004355166,0.430523333617296,14.0,1.09178083,10.547885792,1.034,2.576,4.8,2.8,-4.79762339050194,5,3.683941988065037
Ni15Ti4O24,0.0618074020288958,1.1373833333333334,0.4373166666666666,-6.843610004513873,1.2350033341479107,19.33333333333333,1.2261889581395349,10.901022558139536,0.9497674418604652,2.7295348837209303,7.209302325581396,2.558139534883721,-10.821045858331974,4,3.067787599348589
NaVO2,0.729387312428029,1.2414833333333333,0.8856166666666666,-6.602990004355166,0.430523333617296,14.0,0.9994497125,9.78034349,1.1275,2.36,4.5,3.0,-4.79762339050194,3,2.683281572999748
Nb12O29,0.0705720855360579,1.0344,0.609,-8.49000500559979,0.9991800006590346,24.5,1.3019740902439023,11.610482804878048,0.946829268292683,2.9014634146341467,5.7073170731707314,3.463414634146341,-6.270872641995084,5,4.779249483626163
NaV2O4,0.3853222836482571,1.2414833333333333,0.8856166666666666,-6.602990004355166,0.430523333617296,14.0,1.0639530642857142,10.443381565714285,1.0514285714285714,2.564285714285714,5.0,3.2857142857142856,-4.79762339050194,5,3.276176633414831
NaV3O8,0.0203603054551724,1.2414833333333333,0.8856166666666666,-6.602990004355166,0.430523333617296,14.0,1.1516462208333331,11.193506496666666,0.9608333333333332,2.778333333333333,5.333333333333333,3.1666666666666665,-4.79762339050194,5,4.302822993603817
Ni3O4,0.1721698884308401,0.9061,0.3843999999999999,-8.087905005334576,2.524395001665028,18.0,1.330843542857143,11.055979142857144,0.9085714285714286,2.7842857142857143,7.714285714285714,2.0,-4.536040758997842,4,3.1622776601683795
Na5VO5,0.6947355377988874,1.2414833333333333,0.8856166666666666,-6.602990004355166,0.430523333617296,14.0,0.9611654318181816,9.1392588,1.1936363636363636,2.1345454545454547,3.636363636363636,2.0,-4.79762339050194,5,2.8030595529069404
Na2O9,0.6560637214066809,1.10215,1.08725,-7.739445005104741,1.22921500081076,9.5,1.2950727454545454,12.076422629090908,0.8418181818181819,2.983636363636364,5.090909090909091,1.818181818181818,-1.06644241649974,0,0.0
Na4VO4,0.7758174571234119,1.2414833333333333,0.8856166666666666,-6.602990004355166,0.430523333617296,14.0,0.9515320222222222,9.086079426666666,1.2011111111111112,2.123333333333333,3.6666666666666665,2.111111111111111,-4.79762339050194,4,2.598076211353316
Ti6O11,0.2546533307163756,1.02905,0.48575,-8.32197000548896,0.9989150006588596,15.0,0.972084017647059,11.221607352941176,0.9917647058823528,2.7694117647058825,5.294117647058823,4.117647058823529,-6.285005099334133,4,3.9145809050231457
Ti8O13,0.6225063054280175,1.02905,0.48575,-8.32197000548896,0.9989150006588596,15.0,0.9332728047619048,11.031413095238095,1.0180952380952382,2.716190476190476,5.238095238095238,4.285714285714286,-6.285005099334133,4,3.564531154716028
Ti5O8,0.6561332971755014,1.02905,0.48575,-8.32197000548896,0.9989150006588596,15.0,0.9281974923076924,11.00654153846154,1.0215384615384615,2.709230769230769,5.230769230769231,4.307692307692308,-6.285005099334133,4,3.526298712346368
Ti4O7,0.3886722987695659,1.02905,0.48575,-8.32197000548896,0.9989150006588596,15.0,0.957265190909091,11.14898772727273,1.001818181818182,2.749090909090909,5.2727272727272725,4.181818181818182,-6.285005099334133,4,3.76743259887908
V5O9,0.255158845676518,0.98915,0.45535,-8.309500005480736,1.0873750007172056,15.5,1.127732692857143,11.16381642857143,0.9707142857142858,2.7935714285714286,5.642857142857143,3.7857142857142856,-3.7311809740022,5,3.7767910907801374
O13Sb6,0.0813243490080887,0.7342000000000001,0.8306000000000001,-9.191660006062586,0.1355100000893789,29.5,1.3304618968421054,12.036055210526316,0.8905263157894737,3.001052631578947,8.842105263157896,2.3157894736842106,-2.6187420655041933,5,4.333482406499634
O9Te4,-0.0026866475298712,0.70575,0.7863500000000001,-9.7535600064332,4.220000002783406,30.0,1.617957730769231,12.200132846153846,0.8815384615384616,3.027692307692308,9.076923076923077,2.0,-2.711399001379808,6,4.47213595499958
V6O13,0.1032298976385456,0.98915,0.45535,-8.309500005480736,1.0873750007172056,15.5,1.1663337315789477,11.447991421052633,0.9347368421052632,2.8684210526315788,5.684210526315789,3.5789473684210527,-3.7311809740022,5,4.333482406499634
V7O13,0.2372227290516314,0.98915,0.45535,-8.309500005480736,1.0873750007172056,15.5,1.134400145,11.2129012,0.9645,2.8065,5.65,3.75,-3.7311809740022,5,3.990279451001819
Zr4O,7.653025305361649,1.0832000000000002,0.6503000000000001,-8.369330005520197,0.8822650005819203,24.0,0.63885226,8.030911799999998,1.532,1.752,4.4,6.8,-7.330832619496505,0,0.0
PdO2,0.2204363574834074,0.9693000000000004,0.5042,-8.678980005724435,0.3288750002169178,27.0,1.1614506,11.857649666666669,0.9033333333333332,3.026666666666667,7.333333333333333,1.3333333333333333,-3.049890772992512,4,4.242640687119285
VO2,0.1386332458022206,0.98915,0.45535,-8.309500005480736,1.0873750007172056,15.5,1.1499575333333334,11.327432333333334,0.95,2.8366666666666664,5.666666666666667,3.6666666666666665,-3.7311809740022,4,4.242640687119285
O5Se2,1.2764230178339877,0.62985,0.6898500000000001,-10.167065006705938,4.419620002915071,21.0,1.6209622748571428,12.513579857142858,0.8142857142857143,3.185714285714285,8.857142857142858,2.0,-3.039694480132312,6,4.786344211304794
Ti11O18,0.6000615056670408,1.02905,0.48575,-8.32197000548896,0.9989150006588596,15.0,0.9355479448275862,11.042562413793105,1.0165517241379312,2.719310344827586,5.241379310344827,4.275862068965517,-6.285005099334132,4,3.582158344780371
O2P,1.1632837707569093,0.6461,0.69505,-9.713575006406828,0.1299650000857217,11.5,1.222939233333333,12.574265333333331,0.7966666666666667,3.023333333333333,5.666666666666667,2.333333333333333,-3.368398509214222,4,4.242640687119285
Zr2O,5.470582770411608,1.0832000000000002,0.6503000000000001,-8.369330005520197,0.8822650005819203,24.0,0.7758944333333333,8.962102333333334,1.3866666666666665,2.033333333333333,4.666666666666667,6.0,-7.330832619496505,0,0.0
V3O5,0.3344089778299859,0.98915,0.45535,-8.309500005480736,1.0873750007172056,15.5,1.1110640625,11.0411045,0.98625,2.76125,5.625,3.875,-3.7311809740022,5,3.590109871423002
Ti8O15,0.1905945206681367,1.02905,0.48575,-8.32197000548896,0.9989150006588596,15.0,0.9791712826086956,11.25633847826087,0.9869565217391304,2.779130434782609,5.304347826086956,4.086956521739131,-6.285005099334133,4,3.9921182189428897
Sn5O6,0.9248089462950024,0.7661500000000001,0.8929000000000002,-11.302530007454862,0.4426500002919611,29.0,1.3024529818181818,10.766174545454549,0.991818181818182,2.767272727272728,9.636363636363637,2.909090909090909,-3.573958554508863,4,3.0097879542273014
Ti7O13,0.2179070595633319,1.02905,0.48575,-8.32197000548896,0.9989150006588596,15.0,0.976159195,11.24157775,0.989,2.775,5.3,4.1,-6.285005099334133,4,3.9585481041391306
Ti5O9,0.3081272657909216,1.02905,0.48575,-8.32197000548896,0.9989150006588596,15.0,0.9662623357142858,11.193078214285714,0.9957142857142856,2.761428571428572,5.285714285714286,4.142857142857143,-6.285005099334133,4,3.854496446637726
W3O8,0.271936728267744,0.943,0.6131,-8.553335005641562,0.7069200004662671,41.0,1.285240581818182,12.048775454545456,0.921818181818182,3.145454545454545,9.818181818181818,3.090909090909091,-7.844600567012094,6,5.038314736557789
Rb6O,3.4821384279283243,1.37615,1.36125,-7.393835004876785,1.051845000693771,22.5,0.6252289371428572,5.525831942857143,1.98,1.1942857142857142,1.7142857142857142,1.1428571428571428,-0.75902171425696,0,0.0
Ti19O30,0.691590605681582,1.02905,0.48575,-8.32197000548896,0.9989150006588596,15.0,0.923847224489796,10.98522306122449,1.0244897959183674,2.703265306122449,5.224489795918367,4.326530612244898,-6.285005099334133,4,3.494676803002934
